id,label
0,n008049
1,n006121
2,n007336
3,n004681
4,n008139
5,n007671
6,n005324
7,n000377
8,n002618
9,n002706
10,n007330
11,n008133
12,n005979
13,n008631
14,n000328
15,n005147
16,n006590
17,n003806
18,n007317
19,n008864
20,n001896
21,n009078
22,n008474
23,n009041
24,n008086
25,n009117
26,n008451
27,n000032
28,n003509
29,n004490
30,n007299
31,n007208
32,n007507
33,n007751
34,n004973
35,n002605
36,n008332
37,n009009
38,n001281
39,n007329
40,n007208
41,n006064
42,n004175
43,n007336
44,n008771
45,n005450
46,n000970
47,n004598
48,n002059
49,n001605
50,n008187
51,n002779
52,n006775
53,n005946
54,n006418
55,n004681
56,n005450
57,n004819
58,n002951
59,n006418
60,n009117
61,n008107
62,n008143
63,n007336
64,n001586
65,n003481
66,n008479
67,n007686
68,n003897
69,n002237
70,n000604
71,n008836
72,n004282
73,n007827
74,n005151
75,n009103
76,n007336
77,n005152
78,n007090
79,n004817
80,n002599
81,n008819
82,n005371
83,n005152
84,n003902
85,n000212
86,n007542
87,n000840
88,n003209
89,n006698
90,n007082
91,n008311
92,n007043
93,n000433
94,n000840
95,n006361
96,n008187
97,n000691
98,n005466
99,n008839
100,n006170
101,n001037
102,n000033
103,n007199
104,n002237
105,n004143
106,n009137
107,n006712
108,n004152
109,n001591
110,n002432
111,n007423
112,n004121
113,n008772
114,n009131
115,n000161
116,n006714
117,n002815
118,n009118
119,n006213
120,n003533
121,n008323
122,n003138
123,n005423
124,n008026
125,n004549
126,n007135
127,n006617
128,n008177
129,n000883
130,n000006
131,n009162
132,n001237
133,n003566
134,n007536
135,n006674
136,n003887
137,n005095
138,n003824
139,n004699
140,n003482
141,n001656
142,n005382
143,n007060
144,n009117
145,n000412
146,n005230
147,n008455
148,n004598
149,n002132
150,n000989
151,n003853
152,n004053
153,n003476
154,n002947
155,n007158
156,n005403
157,n007722
158,n006223
159,n009112
160,n004880
161,n003269
162,n004549
163,n004282
164,n004762
165,n001406
166,n002445
167,n009274
168,n008429
169,n005007
170,n003153
171,n000039
172,n006189
173,n000014
174,n004785
175,n007336
176,n000413
177,n008737
178,n000801
179,n007320
180,n002101
181,n005880
182,n004436
183,n001435
184,n007505
185,n007002
186,n005177
187,n006627
188,n006752
189,n000578
190,n007185
191,n003139
192,n008541
193,n002432
194,n000430
195,n002088
196,n005214
197,n006383
198,n003251
199,n007542
200,n004681
201,n007592
202,n007666
203,n000801
204,n001621
205,n008431
206,n004076
207,n005381
208,n008573
209,n000151
210,n003022
211,n004001
212,n006546
213,n002720
214,n004467
215,n003210
216,n003101
217,n006714
218,n007185
219,n004109
220,n007293
221,n008618
222,n003371
223,n000748
224,n007176
225,n007094
226,n006617
227,n008755
228,n009177
229,n004750
230,n008411
231,n007654
232,n003165
233,n004209
234,n004841
235,n002118
236,n006580
237,n009096
238,n004006
239,n005171
240,n000679
241,n000739
242,n004687
243,n007329
244,n004681
245,n000133
246,n002618
247,n008006
248,n008187
249,n003183
250,n009279
251,n005608
252,n000882
253,n000914
254,n006957
255,n006461
256,n008150
257,n001379
258,n001250
259,n006335
260,n000840
261,n001250
262,n005072
263,n008801
264,n003996
265,n008187
266,n005382
267,n004838
268,n007498
269,n005446
270,n007336
271,n002496
272,n003163
273,n007090
274,n009117
275,n008189
276,n000606
277,n004577
278,n001121
279,n004546
280,n004806
281,n003666
282,n008149
283,n003783
284,n002176
285,n006192
286,n000340
287,n000868
288,n007960
289,n008816
290,n007803
291,n006722
292,n001876
293,n008107
294,n008836
295,n008290
296,n004883
297,n007336
298,n007038
299,n008855
300,n007856
301,n004791
302,n000348
303,n001250
304,n003670
305,n005279
306,n004879
307,n007336
308,n007215
309,n007957
310,n006847
311,n007336
312,n004442
313,n000073
314,n003939
315,n006872
316,n002882
317,n008737
318,n007457
319,n004282
320,n007080
321,n004094
322,n007978
323,n006585
324,n001515
325,n005432
326,n006331
327,n006662
328,n006877
329,n005070
330,n007185
331,n003712
332,n003862
333,n008456
334,n005368
335,n008194
336,n005251
337,n004720
338,n003018
339,n009119
340,n002616
341,n006957
342,n007756
343,n003663
344,n001579
345,n004282
346,n008755
347,n008695
348,n007498
349,n008301
350,n001165
351,n008737
352,n004292
353,n007094
354,n002145
355,n008163
356,n001579
357,n006064
358,n006461
359,n008884
360,n004413
361,n007516
362,n008034
363,n006741
364,n005498
365,n007677
366,n001906
367,n007502
368,n004817
369,n000128
370,n006828
371,n003118
372,n001335
373,n009212
374,n007336
375,n003007
376,n008187
377,n007592
378,n003269
379,n008541
380,n002931
381,n007025
382,n000328
383,n001502
384,n000312
385,n009089
386,n002363
387,n000056
388,n002071
389,n001253
390,n004766
391,n004805
392,n001235
393,n000730
394,n002688
395,n008974
396,n004423
397,n006877
398,n009107
399,n004472
400,n005446
401,n002978
402,n000687
403,n001014
404,n007336
405,n002605
406,n004817
407,n004053
408,n009041
409,n008897
410,n004202
411,n008225
412,n009117
413,n004958
414,n002618
415,n009141
416,n005147
417,n007686
418,n004011
419,n004785
420,n007888
421,n008046
422,n007174
423,n007497
424,n004282
425,n008985
426,n007031
427,n007775
428,n005095
429,n005279
430,n005382
431,n007973
432,n007399
433,n003068
434,n005072
435,n009119
436,n000687
437,n006743
438,n000742
439,n007276
440,n004685
441,n009053
442,n004546
443,n001031
444,n008489
445,n008885
446,n004704
447,n009173
448,n005291
449,n005201
450,n002779
451,n001641
452,n003939
453,n008593
454,n003674
455,n006308
456,n002072
457,n007053
458,n001335
459,n008188
460,n006766
461,n001607
462,n003163
463,n006146
464,n006318
465,n006619
466,n004185
467,n000012
468,n004076
469,n005787
470,n007720
471,n007527
472,n004163
473,n003712
474,n003902
475,n000377
476,n007097
477,n001338
478,n002638
479,n001656
480,n009180
481,n008187
482,n008021
483,n007604
484,n008139
485,n005089
486,n001289
487,n003493
488,n001235
489,n001472
490,n006237
491,n006780
492,n007079
493,n004053
494,n008194
495,n004748
496,n002230
497,n004187
498,n007811
499,n003597
500,n004549
501,n007135
502,n004664
503,n008322
504,n003102
505,n007303
506,n003996
507,n009130
508,n001024
509,n009137
510,n003582
511,n008121
512,n008541
513,n004958
514,n008538
515,n002155
516,n009137
517,n001212
518,n005171
519,n002296
520,n008919
521,n003476
522,n004906
523,n004866
524,n005704
525,n005025
526,n006336
527,n005152
528,n004293
529,n007726
530,n007574
531,n000473
532,n006309
533,n004805
534,n003887
535,n006529
536,n000568
537,n001621
538,n006365
539,n004376
540,n007498
541,n005063
542,n007791
543,n007384
544,n000989
545,n004379
546,n002973
547,n003366
548,n005063
549,n009072
550,n006585
551,n005756
552,n007184
553,n003897
554,n001038
555,n008919
556,n001416
557,n007611
558,n004860
559,n002728
560,n007384
561,n002779
562,n009127
563,n003179
564,n002318
565,n009214
566,n006435
567,n003352
568,n007247
569,n008695
570,n002163
571,n008980
572,n009161
573,n004282
574,n005575
575,n009117
576,n006581
577,n003448
578,n000593
579,n003101
580,n004810
581,n002674
582,n003853
583,n001024
584,n008631
585,n007423
586,n004838
587,n001472
588,n000599
589,n000730
590,n005979
591,n007950
592,n004011
593,n007179
594,n002215
595,n004881
596,n001591
597,n004202
598,n006405
599,n003568
600,n008665
601,n001031
602,n002493
603,n007185
604,n000253
605,n008819
606,n009103
607,n009212
608,n008771
609,n008720
610,n004376
611,n001454
612,n007775
613,n008933
614,n003006
615,n009154
616,n004806
617,n003154
618,n000398
619,n004750
620,n006712
621,n003783
622,n007554
623,n008622
624,n007195
625,n004553
626,n009274
627,n000796
628,n000910
629,n000069
630,n001864
631,n003153
632,n006872
633,n004282
634,n006844
635,n004581
636,n008594
637,n003694
638,n003891
639,n006133
640,n003012
641,n008883
642,n007336
643,n006183
644,n009161
645,n002839
646,n002911
647,n001454
648,n006150
649,n008714
650,n006146
651,n004467
652,n008372
653,n002390
654,n003491
655,n004434
656,n001181
657,n000459
658,n007151
659,n002023
660,n002213
661,n002756
662,n000414
663,n007457
664,n000495
665,n007276
666,n004807
667,n001390
668,n000271
669,n002132
670,n009106
671,n002978
672,n008431
673,n002050
674,n003012
675,n002101
676,n003345
677,n004282
678,n000701
679,n009141
680,n008451
681,n008191
682,n003897
683,n000989
684,n008187
685,n007194
686,n001395
687,n002951
688,n004282
689,n007092
690,n006758
691,n006994
692,n005403
693,n007889
694,n008154
695,n005072
696,n002779
697,n006430
698,n006270
699,n007053
700,n008910
701,n007738
702,n000687
703,n004047
704,n006444
705,n004413
706,n006770
707,n009041
708,n007406
709,n006745
710,n000904
711,n004458
712,n000629
713,n006431
714,n004807
715,n001029
716,n003337
717,n007767
718,n005381
719,n004599
720,n006340
721,n006776
722,n002039
723,n001502
724,n003012
725,n007057
726,n006418
727,n005446
728,n002238
729,n006318
730,n007726
731,n009041
732,n003403
733,n007690
734,n002622
735,n007336
736,n005527
737,n000971
738,n002070
739,n003352
740,n005688
741,n000748
742,n002319
743,n005774
744,n005687
745,n007968
746,n004472
747,n005920
748,n009161
749,n007677
750,n005704
751,n000406
752,n007161
753,n003315
754,n006683
755,n008798
756,n005025
757,n005116
758,n007803
759,n009117
760,n009115
761,n007950
762,n000691
763,n004883
764,n006781
765,n002274
766,n004139
767,n006546
768,n002616
769,n001998
770,n005054
771,n003378
772,n003340
773,n006191
774,n005007
775,n004762
776,n005759
777,n000212
778,n001609
779,n001502
780,n007215
781,n000840
782,n007416
783,n002273
784,n005919
785,n009274
786,n007997
787,n001366
788,n005382
789,n009176
790,n003623
791,n001250
792,n008026
793,n005880
794,n001864
795,n002631
796,n003482
797,n006129
798,n009137
799,n004690
